museum_id,Region,Museum,City,URL
79,Drenthe,Drents Museum,Assen,https://whichmuseum.com/museum/drents-museum-assen-79
141,Drenthe,Hunebedcentrum,Borger,https://whichmuseum.com/museum/hunebedcentrum-borger-141
179,Drenthe,City Museum Coevorden,Coevorden,https://whichmuseum.com/museum/city-museum-coevorden-179
24,Drenthe,Museum De Buitenplaats,Eelde,https://whichmuseum.com/museum/museum-de-buitenplaats-eelde-24
254,Drenthe,Internationaal Klompenmuseum,Eelde,https://whichmuseum.com/museum/internationaal-klompenmuseum-eelde-254
7911,Drenthe,Museum De Proefkolonie,Frederiksoord,https://whichmuseum.com/museum/museum-de-proefkolonie-frederiksoord-7911
55,Drenthe,Drukkerijmuseum Meppel,Meppel,https://whichmuseum.com/museum/drukkerijmuseum-meppel-55
7986,Drenthe,Stedelijk Museum Meppel,Meppel,https://whichmuseum.com/museum/stedelijk-museum-meppel-7986
557,Drenthe,Collectie Brands,Nieuw-Dordrecht,https://whichmuseum.com/museum/collectie-brands-nieuw-dordrecht-557
233,Drenthe,Kinderwereld Speelgoedmuseum,Roden,https://whichmuseum.com/museum/kinderwereld-speelgoedmuseum-roden-233
1194,Drenthe,Museum Havezate Mensinge,Roden,https://whichmuseum.com/museum/museum-havezate-mensinge-roden-1194
154,Drenthe,Het Gevangenismuseum,Veenhuizen,https://whichmuseum.com/museum/het-gevangenismuseum-veenhuizen-154
435,Drenthe,Miramar Zeemuseum,Vledder,https://whichmuseum.com/museum/miramar-zeemuseum-vledder-435
427,Drenthe,Cultuurhistorisch streek- en handkarrenmuseum De Wemme,Zuidwolde,https://whichmuseum.com/museum/cultuurhistorisch-streek-en-handkarrenmuseum-de-wemme-zuidwolde-427
97,Flevoland,Aviodrome,Lelystad,https://whichmuseum.com/museum/aviodrome-lelystad-97
588,Flevoland,Batavialand,Lelystad,https://whichmuseum.com/museum/batavialand-lelystad-588
338,Flevoland,Museum Schokland,Schokland,https://whichmuseum.com/museum/museum-schokland-338
25,Flevoland,Museum Het Oude Raadhuis,Urk,https://whichmuseum.com/museum/museum-het-oude-raadhuis-urk-25
388,Friesland,Titus Brandsma Museum,Bolsward,https://whichmuseum.com/museum/titus-brandsma-museum-bolsward-388
1175,Friesland,IJstijdenmuseum,Buitenpost,https://whichmuseum.com/museum/ijstijdenmuseum-buitenpost-1175
404,Friesland,Botanical Garden De Kruidhof,Buitenpost,https://whichmuseum.com/museum/botanical-garden-de-kruidhof-buitenpost-404
319,Friesland,Landbouw en juttersmuseum Swartwoude,Buren (Ameland),https://whichmuseum.com/museum/landbouw-en-juttersmuseum-swartwoude-buren-ameland-319
552,Friesland,Observeum,Burgum,https://whichmuseum.com/museum/observeum-burgum-552
389,Friesland,Museum Dokkum,Dokkum,https://whichmuseum.com/museum/museum-dokkum-389
464,Friesland,Museum Drachten,Drachten,https://whichmuseum.com/museum/museum-drachten-464
369,Friesland,Museum Martena,Franeker,https://whichmuseum.com/museum/museum-martena-franeker-369
8014,Friesland,Keatsmuseum,Franeker,https://whichmuseum.com/museum/keatsmuseum-franeker-8014
184,Friesland,Museum Opsterlân,Gorredijk,https://whichmuseum.com/museum/museum-opsterlan-gorredijk-184
643,Friesland,Openluchtmuseum De Spitkeet,Harkema,https://whichmuseum.com/museum/openluchtmuseum-de-spitkeet-harkema-643
477,Friesland,Hannemahuis,Harlingen,https://whichmuseum.com/museum/hannemahuis-harlingen-477
168,Friesland,Museum Heerenveen,Heerenveen,https://whichmuseum.com/museum/museum-heerenveen-168
1168,Friesland,Ferdinand Domela Nieuwenhuis Museum,Heerenveen,https://whichmuseum.com/museum/ferdinand-domela-nieuwenhuis-museum-heerenveen-1168
103,Friesland,Museum Hindeloopen,Hindeloopen,https://whichmuseum.com/museum/museum-hindeloopen-103
1255,Friesland,Reddingsmuseum Abraham Fock,Hollum,https://whichmuseum.com/museum/reddingsmuseum-abraham-fock-hollum-1255
299,Friesland,Cultuurhistorisch Museum Sorgdrager,Hollum,https://whichmuseum.com/museum/cultuurhistorisch-museum-sorgdrager-hollum-299
30,Friesland,Museum Joure,Joure,https://whichmuseum.com/museum/museum-joure-30
430,Friesland,Kazemattenmuseum Kornwerderzand,Kornwerderzand,https://whichmuseum.com/museum/kazemattenmuseum-kornwerderzand-430
102,Friesland,Princessehof National Museum of Ceramics,Leeuwarden,https://whichmuseum.com/museum/princessehof-national-museum-of-ceramics-leeuwarden-102
232,Friesland,Natuurmuseum Fryslân,Leeuwarden,https://whichmuseum.com/museum/natuurmuseum-fryslan-leeuwarden-232
252,Friesland,Fries Museum,Leeuwarden,https://whichmuseum.com/museum/fries-museum-leeuwarden-252
336,Friesland,Fries Landbouwmuseum,Leeuwarden,https://whichmuseum.com/museum/fries-landbouwmuseum-leeuwarden-336
418,Friesland,Fries Verzetsmuseum,Leeuwarden,https://whichmuseum.com/museum/fries-verzetsmuseum-leeuwarden-418
482,Friesland,t Fiskershúske,Moddergat,https://whichmuseum.com/museum/t-fiskershuske-moddergat-482
318,Friesland,Natuurcentrum Ameland,Nes,https://whichmuseum.com/museum/natuurcentrum-ameland-nes-318
481,Friesland,Nationaal Vlechtmuseum,Noordwolde,https://whichmuseum.com/museum/nationaal-vlechtmuseum-noordwolde-481
343,Friesland,Museum Belvédère,Oranjewoud,https://whichmuseum.com/museum/museum-belvedere-oranjewoud-343
57,Friesland,Museum Sloten,Sloten,https://whichmuseum.com/museum/museum-sloten-57
673,Friesland,Nationaal Modelspoor Museum,Sneek,https://whichmuseum.com/museum/nationaal-modelspoor-museum-sneek-673
300,Friesland,Fries Scheepvaartmuseum,Sneek,https://whichmuseum.com/museum/fries-scheepvaartmuseum-sneek-300
8,Friesland,Museum Tromp's Huys,Vlieland,https://whichmuseum.com/museum/museum-tromp-s-huys-vlieland-8
297,Friesland,Museum 't Behouden Huys,West-Terschelling,https://whichmuseum.com/museum/museum-t-behouden-huys-west-terschelling-297
247,Friesland,Jopie Huisman Museum,Workum,https://whichmuseum.com/museum/jopie-huisman-museum-workum-247
1145,Friesland,Museum Warkums Erfskip,Workum,https://whichmuseum.com/museum/museum-warkums-erfskip-workum-1145
171,Gelderland,Kasteel Huis Bergh,s-Heerenberg,https://whichmuseum.com/museum/kasteel-huis-bergh-s-heerenberg-171
8005,Gelderland,Stadsmuseum Bergh,s-Heerenberg,https://whichmuseum.com/museum/stadsmuseum-bergh-s-heerenberg-8005
236,Gelderland,Aaltense Musea,Aalten,https://whichmuseum.com/museum/aaltense-musea-236
432,Gelderland,Ammersoyen Castle,Ammerzoden,https://whichmuseum.com/museum/ammersoyen-castle-ammerzoden-432
156,Gelderland,CODA,Apeldoorn,https://whichmuseum.com/museum/coda-apeldoorn-156
340,Gelderland,Het Loo Palace,Apeldoorn,https://whichmuseum.com/museum/het-loo-palace-apeldoorn-340
29,Gelderland,Museum Bronbeek,Arnhem,https://whichmuseum.com/museum/museum-bronbeek-arnhem-29
235,Gelderland,Museum Arnhem,Arnhem,https://whichmuseum.com/museum/museum-arnhem-235
358,Gelderland,Huis Zypendaal,Arnhem,https://whichmuseum.com/museum/huis-zypendaal-arnhem-358
396,Gelderland,Nederlands Watermuseum,Arnhem,https://whichmuseum.com/museum/nederlands-watermuseum-arnhem-396
399,Gelderland,Netherlands Open Air Museum,Arnhem,https://whichmuseum.com/museum/netherlands-open-air-museum-arnhem-399
5166,Gelderland,Airborne at the Bridge,Arnhem,https://whichmuseum.com/museum/airborne-at-the-bridge-arnhem-5166
262,Gelderland,Museum Nairac,Barneveld,https://whichmuseum.com/museum/museum-nairac-barneveld-262
490,Gelderland,Museum Tweestromenland,Beneden-Leeuwen,https://whichmuseum.com/museum/museum-tweestromenland-beneden-leeuwen-490
407,Gelderland,Kijk en Luistermuseum,Bennekom,https://whichmuseum.com/museum/kijk-en-luistermuseum-bennekom-407
107,Gelderland,Africa Museum,Berg en Dal,https://whichmuseum.com/museum/africa-museum-berg-en-dal-107
670,Gelderland,Museum Buren en Oranje,Buren,https://whichmuseum.com/museum/museum-buren-en-oranje-670
229,Gelderland,Marechausseemuseum,Buren,https://whichmuseum.com/museum/marechausseemuseum-buren-229
17,Gelderland,Museum Elisabeth Weeshuis,Culemborg,https://whichmuseum.com/museum/museum-elisabeth-weeshuis-culemborg-17
658,Gelderland,Lalique Museum Netherlands,Doesburg,https://whichmuseum.com/museum/lalique-museum-netherlands-doesburg-658
376,Gelderland,Stadsmuseum Doetinchem,Doetinchem,https://whichmuseum.com/museum/stadsmuseum-doetinchem-376
416,Gelderland,Public Transport and Toys Museum Doetinchem‎,Doetinchem,https://whichmuseum.com/museum/public-transport-and-toys-museum-doetinchem-416
1311,Gelderland,Fort Pannerden,Doornenburg,https://whichmuseum.com/museum/fort-pannerden-doornenburg-1311
443,Gelderland,Doornenburg Castle,Doornenburg,https://whichmuseum.com/museum/doornenburg-castle-443
684,Gelderland,The Dutch Hunting Museum,Doorwerth,https://whichmuseum.com/museum/the-dutch-hunting-museum-doorwerth-684
355,Gelderland,Doorwerth Castle,Doorwerth,https://whichmuseum.com/museum/doorwerth-castle-355
434,Gelderland,Museum De Scheper,Eibergen,https://whichmuseum.com/museum/museum-de-scheper-eibergen-434
7,Gelderland,Museum Elburg,Elburg,https://whichmuseum.com/museum/museum-elburg-7
1124,Gelderland,Nationaal Orgelmuseum,Elburg,https://whichmuseum.com/museum/nationaal-orgelmuseum-elburg-1124
461,Gelderland,Sjoel Elburg,Elburg,https://whichmuseum.com/museum/sjoel-elburg-461
146,Gelderland,Veluws Museum Hagedoorns Plaatse,Epe,https://whichmuseum.com/museum/veluws-museum-hagedoorns-plaatse-epe-146
414,Gelderland,Het Pakhuis Ermelo,Ermelo,https://whichmuseum.com/museum/het-pakhuis-ermelo-414
1119,Gelderland,Museum MORE,Gorssel,https://whichmuseum.com/museum/museum-more-gorssel-1119
506,Gelderland,Stadsmuseum Groenlo,Groenlo,https://whichmuseum.com/museum/stadsmuseum-groenlo-506
223,Gelderland,Freedom Museum,Groesbeek,https://whichmuseum.com/museum/freedom-museum-groesbeek-223
447,Gelderland,Stadsmuseum Harderwijk,Harderwijk,https://whichmuseum.com/museum/stadsmuseum-harderwijk-447
7860,Gelderland,Marius van Dokkum Museum,Harderwijk,https://whichmuseum.com/museum/marius-van-dokkum-museum-harderwijk-7860
183,Gelderland,Anton Pieck Museum,Hattem,https://whichmuseum.com/museum/anton-pieck-museum-hattem-183
16,Gelderland,Voerman Museum Hattem,Hattem,https://whichmuseum.com/museum/voerman-museum-hattem-16
357,Gelderland,Dutch Bakery Museum,Hattem,https://whichmuseum.com/museum/dutch-bakery-museum-hattem-357
279,Gelderland,Museumpark Orientalis,Heilig Landstichting,https://whichmuseum.com/museum/museumpark-orientalis-heilig-landstichting-279
429,Gelderland,Kasteel Hernen,Hernen,https://whichmuseum.com/museum/kasteel-hernen-429
578,Gelderland,GeoFort,Herwijnen,https://whichmuseum.com/museum/geofort-herwijnen-578
437,Gelderland,Huis Verwolde,Laren (GD),https://whichmuseum.com/museum/huis-verwolde-laren-gd-437
7913,Gelderland,Museum Lunteren,Lunteren,https://whichmuseum.com/museum/museum-lunteren-7913
566,Gelderland,Museum Nijkerk,Nijkerk,https://whichmuseum.com/museum/museum-nijkerk-566
73,Gelderland,The Valkhof Museum,Nijmegen,https://whichmuseum.com/museum/the-valkhof-museum-nijmegen-73
7864,Gelderland,De Bastei,Nijmegen,https://whichmuseum.com/museum/de-bastei-nijmegen-7864
1261,Gelderland,Noord-Veluws Museum Nunspeet,Nunspeet,https://whichmuseum.com/museum/noord-veluws-museum-nunspeet-1261
246,Gelderland,Boerderijmuseum De Bovenstreek,Oldebroek,https://whichmuseum.com/museum/boerderijmuseum-de-bovenstreek-oldebroek-246
411,Gelderland,Airborne Museum Hartenstein,Oosterbeek,https://whichmuseum.com/museum/airborne-museum-hartenstein-oosterbeek-411
18,Gelderland,Kröller-Müller Museum,Otterlo,https://whichmuseum.com/museum/kroller-muller-museum-otterlo-18
453,Gelderland,Nederlands Tegelmuseum,Otterlo,https://whichmuseum.com/museum/nederlands-tegelmuseum-otterlo-453
349,Gelderland,Slot Loevestein,Poederoijen,https://whichmuseum.com/museum/slot-loevestein-poederoijen-349
422,Gelderland,Museum De Tien Malen,Putten,https://whichmuseum.com/museum/museum-de-tien-malen-putten-422
393,Gelderland,Kasteel Rosendael,Rozendaal,https://whichmuseum.com/museum/kasteel-rosendael-rozendaal-393
5164,Gelderland,Museum MORE | Kasteel Ruurlo,Ruurlo,https://whichmuseum.com/museum/museum-more-kasteel-ruurlo-5164
409,Gelderland,Flipje en Streekmuseum Tiel,Tiel,https://whichmuseum.com/museum/flipje-en-streekmuseum-tiel-409
373,Gelderland,Cannenburgh Castle,Vaassen,https://whichmuseum.com/museum/cannenburgh-castle-vaassen-373
37,Gelderland,Gelders Geologisch Museum,Velp,https://whichmuseum.com/museum/gelders-geologisch-museum-velp-37
530,Gelderland,Heiligenbeeldenmuseum,Vorden,https://whichmuseum.com/museum/heiligenbeeldenmuseum-vorden-530
100,Gelderland,De Casteelse Poort,Wageningen,https://whichmuseum.com/museum/de-casteelse-poort-wageningen-100
485,Gelderland,Museum Kasteel Wijchen,Wijchen,https://whichmuseum.com/museum/museum-kasteel-wijchen-485
1092,Gelderland,Villa Mondrian,Winterswijk,https://whichmuseum.com/museum/villa-mondrian-winterswijk-1092
21,Gelderland,Museum City Castle Zaltbommel,Zaltbommel,https://whichmuseum.com/museum/museum-city-castle-zaltbommel-21
251,Gelderland,Liemers Museum,Zevenaar,https://whichmuseum.com/museum/liemers-museum-zevenaar-251
14,Gelderland,Museum Henriette Polak,Zutphen,https://whichmuseum.com/museum/museum-henriette-polak-zutphen-14
40,Gelderland,Stedelijk Museum Zutphen,Zutphen,https://whichmuseum.com/museum/stedelijk-museum-zutphen-40
5168,Gelderland,Geelvinck Muziek Museum,Zutphen,https://whichmuseum.com/museum/geelvinck-muziek-museum-zutphen-5168
28,Groningen,Museum Stad Appingedam,Appingedam,https://whichmuseum.com/museum/museum-stad-appingedam-28
170,Groningen,MOW I Museum Westerwolde,Bellingwolde,https://whichmuseum.com/museum/mow-i-museum-westerwolde-bellingwolde-170
27,Groningen,Muzeeaquarium Delfzijl,Delfzijl,https://whichmuseum.com/museum/muzeeaquarium-delfzijl-27
34,Groningen,Museum Wierdenland,Ezinge,https://whichmuseum.com/museum/museum-wierdenland-ezinge-34
82,Groningen,Groninger Museum,Groningen,https://whichmuseum.com/museum/groninger-museum-groningen-82
266,Groningen,Museum aan de A,Groningen,https://whichmuseum.com/museum/museum-aan-de-a-groningen-266
285,Groningen,"GRID, Grafisch Museum Groningen",Groningen,https://whichmuseum.com/museum/grid-grafisch-museum-groningen-285
290,Groningen,University Museum Groningen,Groningen,https://whichmuseum.com/museum/university-museum-groningen-290
451,Groningen,Borg en Rijtuigmuseum Nienoord,Leek,https://whichmuseum.com/museum/borg-en-rijtuigmuseum-nienoord-leek-451
352,Groningen,Landgoed Borg Verhildersum,Leens,https://whichmuseum.com/museum/landgoed-borg-verhildersum-leens-352
415,Groningen,De Fraeylemaborg,Slochteren,https://whichmuseum.com/museum/de-fraeylemaborg-slochteren-415
431,Groningen,Klooster Ter Apel,Ter Apel,https://whichmuseum.com/museum/klooster-ter-apel-431
473,Groningen,Menkemaborg,Uithuizen,https://whichmuseum.com/museum/menkemaborg-uithuizen-473
166,Groningen,Veenkoloniaal Museum Veendam,Veendam,https://whichmuseum.com/museum/veenkoloniaal-museum-veendam-166
64,Groningen,Openluchtmuseum Het Hoogeland,Warffum,https://whichmuseum.com/museum/openluchtmuseum-het-hoogeland-warffum-64
20,Groningen,Visserijmuseum Zoutkamp,Zoutkamp,https://whichmuseum.com/museum/visserijmuseum-zoutkamp-20
1054,Limburg,Oorlogsmuseum Eyewitness,Beek,https://whichmuseum.com/museum/oorlogsmuseum-eyewitness-beek-1054
402,Limburg,Streekmuseum Elsloo,Elsloo,https://whichmuseum.com/museum/streekmuseum-elsloo-402
143,Limburg,SCHUNCK*,Heerlen,https://whichmuseum.com/museum/schunck-heerlen-143
192,Limburg,Thermenmuseum,Heerlen,https://whichmuseum.com/museum/thermenmuseum-heerlen-192
553,Limburg,Museum Peel en Maas,Helden,https://whichmuseum.com/museum/museum-peel-en-maas-helden-553
364,Limburg,Hoensbroek Castle,Hoensbroek,https://whichmuseum.com/museum/hoensbroek-castle-364
33,Limburg,Museum de Kantfabriek,Horst (LB),https://whichmuseum.com/museum/museum-de-kantfabriek-horst-lb-33
219,Limburg,Discovery Museum,Kerkrade,https://whichmuseum.com/museum/discovery-museum-kerkrade-219
60,Limburg,Natural History Museum of Maastricht,Maastricht,https://whichmuseum.com/museum/natural-history-museum-of-maastricht-60
74,Limburg,Bonnefanten museum,Maastricht,https://whichmuseum.com/museum/bonnefanten-museum-maastricht-74
76,Limburg,Fotomuseum aan het Vrijthof,Maastricht,https://whichmuseum.com/museum/fotomuseum-aan-het-vrijthof-maastricht-76
392,Limburg,"Marres, House for Contemporary Culture",Maastricht,https://whichmuseum.com/museum/marres-house-for-contemporary-culture-maastricht-392
480,Limburg,Bureau Europa,Maastricht,https://whichmuseum.com/museum/bureau-europa-maastricht-480
291,Limburg,Museum De Locht,Melderslo,https://whichmuseum.com/museum/museum-de-locht-melderslo-291
1,Limburg,Openluchtmuseum Eynderhoof,Nederweert-Eind,https://whichmuseum.com/museum/openluchtmuseum-eynderhoof-nederweert-eind-1
468,Limburg,Het Cuypershuis,Roermond,https://whichmuseum.com/museum/het-cuypershuis-roermond-468
8004,Limburg,Museum De Schat van Simpelveld,Simpelveld,https://whichmuseum.com/museum/museum-de-schat-van-simpelveld-8004
41,Limburg,Museum De Domijnen,Sittard,https://whichmuseum.com/museum/museum-de-domijnen-sittard-41
426,Limburg,Streekmuseum Stevensweert / Ohé en Laak,Stevensweert,https://whichmuseum.com/museum/streekmuseum-stevensweert-ohe-en-laak-426
351,Limburg,Missiemuseum Steyl,Steyl,https://whichmuseum.com/museum/missiemuseum-steyl-351
150,Limburg,Keramiekmuseum Tiendschuur,Tegelen,https://whichmuseum.com/museum/keramiekmuseum-tiendschuur-tegelen-150
362,Limburg,Thorn Museum,Thorn,https://whichmuseum.com/museum/thorn-museum-362
7873,Limburg,Museum Abdijkerk,Thorn,https://whichmuseum.com/museum/museum-abdijkerk-thorn-7873
94,Limburg,Museum Land van Valkenburg,Valkenburg (LB),https://whichmuseum.com/museum/museum-land-van-valkenburg-valkenburg-lb-94
421,Limburg,Museum Romeinse Katakomben,Valkenburg (LB),https://whichmuseum.com/museum/museum-romeinse-katakomben-valkenburg-lb-421
7874,Limburg,Kasteelruïne - Fluweelengrot Valkenburg,Valkenburg (LB),https://whichmuseum.com/museum/kasteelruine-fluweelengrot-valkenburg-valkenburg-lb-7874
104,Limburg,Museum van Bommel van Dam,Venlo,https://whichmuseum.com/museum/museum-van-bommel-van-dam-venlo-104
72,Limburg,Limburgs Museum,Venlo,https://whichmuseum.com/museum/limburgs-museum-venlo-72
237,Limburg,Venrays Museum,Venray,https://whichmuseum.com/museum/venrays-museum-237
412,Limburg,Museum W,Weert,https://whichmuseum.com/museum/museum-w-weert-412
2396,Limburg,Kasteel Wijlre estate,Wijlre,https://whichmuseum.com/museum/kasteel-wijlre-estate-2396
203,North Brabant,Het Noordbrabants Museum,s-Hertogenbosch,https://whichmuseum.com/museum/het-noordbrabants-museum-s-hertogenbosch-203
328,North Brabant,Design Museum Den Bosch,s-Hertogenbosch,https://whichmuseum.com/museum/design-museum-den-bosch-s-hertogenbosch-328
151,North Brabant,Museum Klok & Peel,Asten,https://whichmuseum.com/museum/museum-klok-peel-asten-151
197,North Brabant,Het Markiezenhof,Bergen op Zoom,https://whichmuseum.com/museum/het-markiezenhof-bergen-op-zoom-197
425,North Brabant,Museum Vekemans,Boxtel,https://whichmuseum.com/museum/museum-vekemans-boxtel-425
7947,North Brabant,Museum Boxtel,Boxtel,https://whichmuseum.com/museum/museum-boxtel-7947
1329,North Brabant,Stedelijk Museum Breda,Breda,https://whichmuseum.com/museum/stedelijk-museum-breda-1329
395,North Brabant,Museum de Wieger,Deurne,https://whichmuseum.com/museum/museum-de-wieger-deurne-395
417,North Brabant,De Looierij,Dongen,https://whichmuseum.com/museum/de-looierij-dongen-417
207,North Brabant,Kempenmuseum De Acht Zaligheden,Eersel,https://whichmuseum.com/museum/kempenmuseum-de-acht-zaligheden-eersel-207
641,North Brabant,preHistorisch Dorp,Eindhoven,https://whichmuseum.com/museum/prehistorisch-dorp-eindhoven-641
191,North Brabant,Van Abbemuseum,Eindhoven,https://whichmuseum.com/museum/van-abbemuseum-eindhoven-191
93,North Brabant,DAF Museum,Eindhoven,https://whichmuseum.com/museum/daf-museum-eindhoven-93
1000,North Brabant,Philips Museum,Eindhoven,https://whichmuseum.com/museum/philips-museum-eindhoven-1000
556,North Brabant,Heemkundekring en streekmuseum Jan uten Houte,Etten-Leur,https://whichmuseum.com/museum/heemkundekring-en-streekmuseum-jan-uten-houte-etten-leur-556
400,North Brabant,Museum De Roos,Geertruidenberg,https://whichmuseum.com/museum/museum-de-roos-geertruidenberg-400
177,North Brabant,Graafs Museum,Grave,https://whichmuseum.com/museum/graafs-museum-grave-177
201,North Brabant,Heeswijk Castle,Heeswijk-Dinther,https://whichmuseum.com/museum/heeswijk-castle-heeswijk-dinther-201
109,North Brabant,Museum Helmond - Kasteel Helmond,Helmond,https://whichmuseum.com/museum/museum-helmond-kasteel-helmond-109
987,North Brabant,Bierbrouwerij De Roos,Hilvarenbeek,https://whichmuseum.com/museum/bierbrouwerij-de-roos-hilvarenbeek-987
491,North Brabant,Museum De Dorpsdokter,Hilvarenbeek,https://whichmuseum.com/museum/museum-de-dorpsdokter-hilvarenbeek-491
220,North Brabant,Nationaal Vlasserij-Suikermuseum,Klundert,https://whichmuseum.com/museum/nationaal-vlasserij-suikermuseum-klundert-220
980,North Brabant,Technology with soul,Neerkant,https://whichmuseum.com/museum/technology-with-soul-neerkant-980
46,North Brabant,Museum Vincentre,Nuenen,https://whichmuseum.com/museum/museum-vincentre-nuenen-46
436,North Brabant,Museum de Vier Quartieren,Oirschot,https://whichmuseum.com/museum/museum-de-vier-quartieren-oirschot-436
314,North Brabant,Brabants Museum Oud Oosterhout,Oosterhout,https://whichmuseum.com/museum/brabants-museum-oud-oosterhout-314
504,North Brabant,Speelgoed & Carnavalsmuseum “Op Stelten“,Oosterhout,https://whichmuseum.com/museum/speelgoed-carnavalsmuseum-op-stelten-oosterhout-504
12,North Brabant,Museum Jan Cunen,Oss,https://whichmuseum.com/museum/museum-jan-cunen-oss-12
440,North Brabant,Nederlands Zouavenmuseum,Oudenbosch,https://whichmuseum.com/museum/nederlands-zouavenmuseum-oudenbosch-440
478,North Brabant,Overloon War Museum,Overloon,https://whichmuseum.com/museum/overloon-war-museum-478
44,North Brabant,Museum Tongerlohuys,Roosendaal,https://whichmuseum.com/museum/museum-tongerlohuys-roosendaal-44
231,North Brabant,Museum Jan Heestershuis,Schijndel,https://whichmuseum.com/museum/museum-jan-heestershuis-schijndel-231
387,North Brabant,Museum van Brabantse Mutsen en Poffers,Sint-Oedenrode,https://whichmuseum.com/museum/museum-van-brabantse-mutsen-en-poffers-sint-oedenrode-387
131,North Brabant,Museum De Pont,Tilburg,https://whichmuseum.com/museum/museum-de-pont-tilburg-131
188,North Brabant,TextielMuseum,Tilburg,https://whichmuseum.com/museum/textielmuseum-tilburg-188
92,North Brabant,Natuurmuseum Brabant,Tilburg,https://whichmuseum.com/museum/natuurmuseum-brabant-tilburg-92
15,North Brabant,Museum Krona,Uden,https://whichmuseum.com/museum/museum-krona-uden-15
98,North Brabant,Valkerij en Sigarenmakerij Museum,Valkenswaard,https://whichmuseum.com/museum/valkerij-en-sigarenmakerij-museum-valkenswaard-98
324,North Brabant,Dutch Museum of Lithography,Valkenswaard,https://whichmuseum.com/museum/dutch-museum-of-lithography-valkenswaard-324
147,North Brabant,Museum 't Oude Slot,Veldhoven,https://whichmuseum.com/museum/museum-t-oude-slot-veldhoven-147
13,North Brabant,Herzogenbusch concentration camp,Vught,https://whichmuseum.com/museum/herzogenbusch-concentration-camp-vught-13
331,North Brabant,Geniemuseum,Vught,https://whichmuseum.com/museum/geniemuseum-vught-331
165,North Brabant,Biesbosch MuseumEiland Werkendam,Werkendam,https://whichmuseum.com/museum/biesbosch-museumeiland-werkendam-165
354,North Brabant,Vincent van GoghHuis,Zundert,https://whichmuseum.com/museum/vincent-van-goghhuis-zundert-354
248,North Holland,Historische Tuin Aalsmeer,Aalsmeer,https://whichmuseum.com/museum/historische-tuin-aalsmeer-248
115,North Holland,Stedelijk Museum Alkmaar,Alkmaar,https://whichmuseum.com/museum/stedelijk-museum-alkmaar-115
194,North Holland,Dutch Cheese Museum,Alkmaar,https://whichmuseum.com/museum/dutch-cheese-museum-alkmaar-194
394,North Holland,Grote Kerk Alkmaar,Alkmaar,https://whichmuseum.com/museum/grote-kerk-alkmaar-394
457,North Holland,Nationaal Biermuseum De Boom,Alkmaar,https://whichmuseum.com/museum/nationaal-biermuseum-de-boom-alkmaar-457
78,North Holland,Cobra Museum,Amstelveen,https://whichmuseum.com/museum/cobra-museum-amstelveen-78
101,North Holland,Museum JAN,Amstelveen,https://whichmuseum.com/museum/museum-jan-amstelveen-101
1256,North Holland,Micropia,Amsterdam,https://whichmuseum.com/museum/micropia-amsterdam-1256
1304,North Holland,Outsider Art Museum,Amsterdam,https://whichmuseum.com/museum/outsider-art-museum-amsterdam-1304
1307,North Holland,Nationaal Holocaust Museum,Amsterdam,https://whichmuseum.com/museum/nationaal-holocaust-museum-amsterdam-1307
634,North Holland,Houseboat Museum,Amsterdam,https://whichmuseum.com/museum/houseboat-museum-amsterdam-634
687,North Holland,Royal Palace of Amsterdam,Amsterdam,https://whichmuseum.com/museum/royal-palace-of-amsterdam-687
112,North Holland,Museum Van Loon,Amsterdam,https://whichmuseum.com/museum/museum-van-loon-amsterdam-112
132,North Holland,NEMO Science Museum,Amsterdam,https://whichmuseum.com/museum/nemo-science-museum-amsterdam-132
135,North Holland,Huis Marseille,Amsterdam,https://whichmuseum.com/museum/huis-marseille-amsterdam-135
161,North Holland,Rembrandt House Museum,Amsterdam,https://whichmuseum.com/museum/rembrandt-house-museum-amsterdam-161
162,North Holland,Dutch Resistance Museum,Amsterdam,https://whichmuseum.com/museum/dutch-resistance-museum-amsterdam-162
181,North Holland,Van Gogh Museum,Amsterdam,https://whichmuseum.com/museum/van-gogh-museum-amsterdam-181
193,North Holland,Allard Pierson,Amsterdam,https://whichmuseum.com/museum/allard-pierson-amsterdam-193
195,North Holland,Jewish Museum,Amsterdam,https://whichmuseum.com/museum/jewish-museum-amsterdam-195
200,North Holland,The National Maritime Museum,Amsterdam,https://whichmuseum.com/museum/the-national-maritime-museum-amsterdam-200
4,North Holland,Amsterdam City Archive,Amsterdam,https://whichmuseum.com/museum/amsterdam-city-archive-4
5,North Holland,De Appel,Amsterdam,https://whichmuseum.com/museum/de-appel-amsterdam-5
71,North Holland,Museum Het Schip,Amsterdam,https://whichmuseum.com/museum/museum-het-schip-amsterdam-71
222,North Holland,EYE,Amsterdam,https://whichmuseum.com/museum/eye-amsterdam-222
225,North Holland,Amsterdam Pipe Museum,Amsterdam,https://whichmuseum.com/museum/amsterdam-pipe-museum-225
258,North Holland,Amsterdam Museum,Amsterdam,https://whichmuseum.com/museum/amsterdam-museum-258
261,North Holland,Hermitage Amsterdam,Amsterdam,https://whichmuseum.com/museum/hermitage-amsterdam-261
276,North Holland,Foam,Amsterdam,https://whichmuseum.com/museum/foam-amsterdam-276
277,North Holland,Tropenmuseum Junior,Amsterdam,https://whichmuseum.com/museum/tropenmuseum-junior-amsterdam-277
282,North Holland,Oude Kerk,Amsterdam,https://whichmuseum.com/museum/oude-kerk-amsterdam-282
286,North Holland,Rijksmuseum,Amsterdam,https://whichmuseum.com/museum/rijksmuseum-amsterdam-286
289,North Holland,Tropenmuseum,Amsterdam,https://whichmuseum.com/museum/tropenmuseum-amsterdam-289
296,North Holland,Museum Willet-Holthuysen,Amsterdam,https://whichmuseum.com/museum/museum-willet-holthuysen-amsterdam-296
298,North Holland,Anne Frank House,Amsterdam,https://whichmuseum.com/museum/anne-frank-house-amsterdam-298
301,North Holland,Museum Our Lord in the Attic,Amsterdam,https://whichmuseum.com/museum/museum-our-lord-in-the-attic-amsterdam-301
580,North Holland,Molen van Sloten - Kuiperijmuseum,Amsterdam,https://whichmuseum.com/museum/molen-van-sloten-kuiperijmuseum-amsterdam-580
919,North Holland,Verzetsmuseum Junior,Amsterdam,https://whichmuseum.com/museum/verzetsmuseum-junior-amsterdam-919
932,North Holland,Groote Museum,Amsterdam,https://whichmuseum.com/museum/groote-museum-amsterdam-932
933,North Holland,Joods Historisch Kindermuseum,Amsterdam,https://whichmuseum.com/museum/joods-historisch-kindermuseum-amsterdam-933
937,North Holland,The Museum of the Canals,Amsterdam,https://whichmuseum.com/museum/the-museum-of-the-canals-amsterdam-937
952,North Holland,Amsterdam Tulip Museum,Amsterdam,https://whichmuseum.com/museum/amsterdam-tulip-museum-952
341,North Holland,Stedelijk Museum Amsterdam,Amsterdam,https://whichmuseum.com/museum/stedelijk-museum-amsterdam-341
342,North Holland,De Nieuwe Kerk Amsterdam,Amsterdam,https://whichmuseum.com/museum/de-nieuwe-kerk-amsterdam-342
367,North Holland,Portugese Synagoge,Amsterdam,https://whichmuseum.com/museum/portugese-synagoge-amsterdam-367
379,North Holland,Hollandsche Schouwburg,Amsterdam,https://whichmuseum.com/museum/hollandsche-schouwburg-amsterdam-379
384,North Holland,Museum Tot Zover,Amsterdam,https://whichmuseum.com/museum/museum-tot-zover-amsterdam-384
423,North Holland,Bijzondere Collecties,Amsterdam,https://whichmuseum.com/museum/bijzondere-collecties-amsterdam-423
463,North Holland,Diamond Museum Amsterdam,Amsterdam,https://whichmuseum.com/museum/diamond-museum-amsterdam-463
7863,North Holland,Embassy of the Free Mind,Amsterdam,https://whichmuseum.com/museum/embassy-of-the-free-mind-amsterdam-7863
7881,North Holland,Fashion for Good Museum,Amsterdam,https://whichmuseum.com/museum/fashion-for-good-museum-amsterdam-7881
7909,North Holland,Luther Museum Amsterdam,Amsterdam,https://whichmuseum.com/museum/luther-museum-amsterdam-7909
7991,North Holland,Museum De Dageraad,Amsterdam,https://whichmuseum.com/museum/museum-de-dageraad-amsterdam-7991
304,North Holland,Museum Kranenburgh,Bergen (NH),https://whichmuseum.com/museum/museum-kranenburgh-bergen-nh-304
408,North Holland,Gemeentemuseum Het Sterkenhuis,Bergen (NH),https://whichmuseum.com/museum/gemeentemuseum-het-sterkenhuis-bergen-nh-408
221,North Holland,Museum BroekerVeiling,Broek op Langedijk,https://whichmuseum.com/museum/museum-broekerveiling-broek-op-langedijk-221
110,North Holland,Museum De Cruquius,Cruquius,https://whichmuseum.com/museum/museum-de-cruquius-110
52,North Holland,Museum In 't Houten Huis,De Rijp,https://whichmuseum.com/museum/museum-in-t-houten-huis-de-rijp-52
42,North Holland,Museum Waelstee,De Waal,https://whichmuseum.com/museum/museum-waelstee-de-waal-42
908,North Holland,Oudheidkamer Texel,Den Burg,https://whichmuseum.com/museum/oudheidkamer-texel-den-burg-908
230,North Holland,Het Nationaal Reddingmuseum Dorus Rijkers,Den Helder,https://whichmuseum.com/museum/het-nationaal-reddingmuseum-dorus-rijkers-den-helder-230
243,North Holland,The Dutch Navy Museum,Den Helder,https://whichmuseum.com/museum/the-dutch-navy-museum-den-helder-243
446,North Holland,De Nollen,Den Helder,https://whichmuseum.com/museum/de-nollen-den-helder-446
334,North Holland,Pieter Vermeulen Museum,Driehuis,https://whichmuseum.com/museum/pieter-vermeulen-museum-driehuis-334
180,North Holland,Edams Museum,Edam,https://whichmuseum.com/museum/edams-museum-180
348,North Holland,Museum van Egmond,Egmond aan Zee,https://whichmuseum.com/museum/museum-van-egmond-egmond-aan-zee-348
337,North Holland,Zuiderzee Museum,Enkhuizen,https://whichmuseum.com/museum/zuiderzee-museum-enkhuizen-337
360,North Holland,Flessenscheepjes Museum,Enkhuizen,https://whichmuseum.com/museum/flessenscheepjes-museum-enkhuizen-360
7948,North Holland,Sow to Grow,Enkhuizen,https://whichmuseum.com/museum/sow-to-grow-enkhuizen-7948
114,North Holland,Teylers Museum,Haarlem,https://whichmuseum.com/museum/teylers-museum-haarlem-114
198,North Holland,Frans Hals Museum - Hof,Haarlem,https://whichmuseum.com/museum/frans-hals-museum-hof-haarlem-198
35,North Holland,Museum Haarlem,Haarlem,https://whichmuseum.com/museum/museum-haarlem-35
75,North Holland,Museum van de Geest,Haarlem,https://whichmuseum.com/museum/museum-van-de-geest-haarlem-75
899,North Holland,NZH Public Transport Museum,Haarlem,https://whichmuseum.com/museum/nzh-public-transport-museum-haarlem-899
326,North Holland,Frans Hals Museum - Hal,Haarlem,https://whichmuseum.com/museum/frans-hals-museum-hal-haarlem-326
7872,North Holland,ABC Architectuurcentrum Haarlem,Haarlem,https://whichmuseum.com/museum/abc-architectuurcentrum-haarlem-7872
62,North Holland,Museum Hilversum,Hilversum,https://whichmuseum.com/museum/museum-hilversum-62
479,North Holland,Netherlands Institute for Sound and Vision,Hilversum,https://whichmuseum.com/museum/netherlands-institute-for-sound-and-vision-hilversum-479
320,North Holland,Historisch Museum Haarlemmermeer,Hoofddorp,https://whichmuseum.com/museum/historisch-museum-haarlemmermeer-hoofddorp-320
174,North Holland,Westfries Museum,Hoorn,https://whichmuseum.com/museum/westfries-museum-hoorn-174
227,North Holland,Steamtrain Hoorn Medemblik,Hoorn,https://whichmuseum.com/museum/steamtrain-hoorn-medemblik-227
260,North Holland,Museum of the 20th Century,Hoorn,https://whichmuseum.com/museum/museum-of-the-20th-century-hoorn-260
163,North Holland,Huizer Museum,Huizen,https://whichmuseum.com/museum/huizer-museum-huizen-163
145,North Holland,IJmuider Zee- en Havenmuseum,IJmuiden,https://whichmuseum.com/museum/ijmuider-zee-en-havenmuseum-ijmuiden-145
226,North Holland,Mill Museum - The Zaansche Mill,Koog aan de Zaan,https://whichmuseum.com/museum/mill-museum-the-zaansche-mill-koog-aan-de-zaan-226
118,North Holland,Singer Laren,Laren (NH),https://whichmuseum.com/museum/singer-laren-laren-nh-118
59,North Holland,Geologisch Museum Hofland,Laren (NH),https://whichmuseum.com/museum/geologisch-museum-hofland-laren-nh-59
22,North Holland,Kasteel-Museum Sypesteyn,Loosdrecht,https://whichmuseum.com/museum/kasteel-museum-sypesteyn-loosdrecht-22
217,North Holland,Marker Museum,Marken,https://whichmuseum.com/museum/marker-museum-marken-217
186,North Holland,Kasteel Radboud,Medemblik,https://whichmuseum.com/museum/kasteel-radboud-medemblik-186
280,North Holland,Bakkerijmuseum De Oude Bakkerij,Medemblik,https://whichmuseum.com/museum/bakkerijmuseum-de-oude-bakkerij-medemblik-280
372,North Holland,Dutch Steam Engine Museum,Medemblik,https://whichmuseum.com/museum/dutch-steam-engine-museum-medemblik-372
241,North Holland,Museum Betje Wolff,Middenbeemster,https://whichmuseum.com/museum/museum-betje-wolff-middenbeemster-241
455,North Holland,Agrarisch Museum Westerhem,Middenbeemster,https://whichmuseum.com/museum/agrarisch-museum-westerhem-middenbeemster-455
136,North Holland,Waterlandsmuseum de Speeltoren,Monnickendam,https://whichmuseum.com/museum/waterlandsmuseum-de-speeltoren-monnickendam-136
1315,North Holland,Forteiland Pampus,Muiden,https://whichmuseum.com/museum/forteiland-pampus-muiden-1315
134,North Holland,Muiderslot,Muiden,https://whichmuseum.com/museum/muiderslot-muiden-134
51,North Holland,Comenius Museum,Naarden,https://whichmuseum.com/museum/comenius-museum-naarden-51
449,North Holland,Weegschaalmuseum,Naarden,https://whichmuseum.com/museum/weegschaalmuseum-naarden-449
240,North Holland,Museum Kaap Skil,Oudeschild,https://whichmuseum.com/museum/museum-kaap-skil-oudeschild-240
63,North Holland,Purmerends Museum,Purmerend,https://whichmuseum.com/museum/purmerends-museum-63
253,North Holland,Museummolen Schermerhorn,Schermerhorn,https://whichmuseum.com/museum/museummolen-schermerhorn-253
7856,North Holland,Kunstfort bij Vijfhuizen,Vijfhuizen,https://whichmuseum.com/museum/kunstfort-bij-vijfhuizen-7856
653,North Holland,Volendams Museum,Volendam,https://whichmuseum.com/museum/volendams-museum-653
228,North Holland,Museum Weesp,Weesp,https://whichmuseum.com/museum/museum-weesp-228
164,North Holland,Zaans Museum,Zaandam,https://whichmuseum.com/museum/zaans-museum-zaandam-164
268,North Holland,Czar Peter House,Zaandam,https://whichmuseum.com/museum/czar-peter-house-zaandam-268
873,North Holland,Zaanse Schans,Zaandam,https://whichmuseum.com/museum/zaanse-schans-zaandam-873
439,North Holland,Zaandam Time Museum,Zaandam,https://whichmuseum.com/museum/zaandam-time-museum-439
398,North Holland,Honig Breethuis,Zaandijk,https://whichmuseum.com/museum/honig-breethuis-zaandijk-398
182,North Holland,Zandvoorts Museum,Zandvoort,https://whichmuseum.com/museum/zandvoorts-museum-182
6,Overijssel,Stedelijk Museum Almelo,Almelo,https://whichmuseum.com/museum/stedelijk-museum-almelo-6
525,Overijssel,Museum Het Gildenhuys,Blokzijl,https://whichmuseum.com/museum/museum-het-gildenhuys-blokzijl-525
516,Overijssel,Museum Bussemakerhuis,Borne,https://whichmuseum.com/museum/museum-bussemakerhuis-borne-516
152,Overijssel,Zoutmuseum Delden,Delden,https://whichmuseum.com/museum/zoutmuseum-delden-152
305,Overijssel,Natura Docet Wonderryck Twente,Denekamp,https://whichmuseum.com/museum/natura-docet-wonderryck-twente-denekamp-305
1277,Overijssel,Museum De Waag,Deventer,https://whichmuseum.com/museum/museum-de-waag-deventer-1277
1327,Overijssel,Museum Geert Groote Huis,Deventer,https://whichmuseum.com/museum/museum-geert-groote-huis-deventer-1327
272,Overijssel,Speelgoedmuseum Deventer,Deventer,https://whichmuseum.com/museum/speelgoedmuseum-deventer-272
1325,Overijssel,Kunstvereniging Diepenheim,Diepenheim,https://whichmuseum.com/museum/kunstvereniging-diepenheim-1325
111,Overijssel,Rijksmuseum Twenthe,Enschede,https://whichmuseum.com/museum/rijksmuseum-twenthe-enschede-111
7861,Overijssel,De Museumfabriek,Enschede,https://whichmuseum.com/museum/de-museumfabriek-enschede-7861
483,Overijssel,Museum Giethoorn 't Olde Maat Uus,Giethoorn,https://whichmuseum.com/museum/museum-giethoorn-t-olde-maat-uus-483
1288,Overijssel,Museum de Fundatie,Heino,https://whichmuseum.com/museum/museum-de-fundatie-heino-1288
465,Overijssel,Museum Hengelo,Hengelo,https://whichmuseum.com/museum/museum-hengelo-465
484,Overijssel,Oyfo Technology Museum,Hengelo,https://whichmuseum.com/museum/oyfo-technology-museum-hengelo-484
484,Overijssel,Oyfo Technology Museum,Hengelo,https://whichmuseum.com/museum/oyfo-technology-museum-hengelo-484
38,Overijssel,Ikonenmuseum Kampen,Kampen,https://whichmuseum.com/museum/ikonenmuseum-kampen-38
85,Overijssel,Stedelijk Museum Kampen,Kampen,https://whichmuseum.com/museum/stedelijk-museum-kampen-85
574,Overijssel,Museum De Pelgrim,Oldenzaal,https://whichmuseum.com/museum/museum-de-pelgrim-oldenzaal-574
370,Overijssel,Museum Het Palthe-Huis,Oldenzaal,https://whichmuseum.com/museum/museum-het-palthe-huis-oldenzaal-370
503,Overijssel,Streekmuseum Ommen,Ommen,https://whichmuseum.com/museum/streekmuseum-ommen-503
438,Overijssel,Openluchtmuseum Ootmarsum,Ootmarsum,https://whichmuseum.com/museum/openluchtmuseum-ootmarsum-438
8050,Overijssel,Museum het Drostenhuis,Ootmarsum,https://whichmuseum.com/museum/museum-het-drostenhuis-ootmarsum-8050
560,Overijssel,Rijssens Museum,Rijssen,https://whichmuseum.com/museum/rijssens-museum-560
844,Overijssel,Museum Staphorst,Staphorst,https://whichmuseum.com/museum/museum-staphorst-844
403,Overijssel,Stadsmuseum Steenwijk,Steenwijk,https://whichmuseum.com/museum/stadsmuseum-steenwijk-403
5174,Overijssel,Hildo Krop Museum,Steenwijk,https://whichmuseum.com/museum/hildo-krop-museum-steenwijk-5174
312,Overijssel,Historisch Museum Vriezenveen,Vriezenveen,https://whichmuseum.com/museum/historisch-museum-vriezenveen-312
365,Overijssel,Schoonewelle Museum voor Natuur en Ambacht,Zwartsluis,https://whichmuseum.com/museum/schoonewelle-museum-voor-natuur-en-ambacht-zwartsluis-365
218,Overijssel,Museum de Fundatie,Zwolle,https://whichmuseum.com/museum/museum-de-fundatie-zwolle-218
787,South Holland,Archeon,Alphen aan Den Rijn,https://whichmuseum.com/museum/archeon-alphen-aan-den-rijn-787
361,South Holland,Boomkwekerijmuseum,Boskoop,https://whichmuseum.com/museum/boomkwekerijmuseum-boskoop-361
43,South Holland,Historisch Museum Den Briel,Brielle,https://whichmuseum.com/museum/historisch-museum-den-briel-brielle-43
1322,South Holland,Royal Delft,Delft,https://whichmuseum.com/museum/royal-delft-1322
679,South Holland,Vermeer Centrum Delft,Delft,https://whichmuseum.com/museum/vermeer-centrum-delft-679
175,South Holland,Museum Prinsenhof Delft,Delft,https://whichmuseum.com/museum/museum-prinsenhof-delft-175
378,South Holland,Museum Paul Tetar van Elven,Delft,https://whichmuseum.com/museum/museum-paul-tetar-van-elven-delft-378
380,South Holland,Science Centre Delft,Delft,https://whichmuseum.com/museum/science-centre-delft-380
410,South Holland,TU Delft Hortus Botanicus,Delft,https://whichmuseum.com/museum/tu-delft-hortus-botanicus-410
1279,South Holland,Het Hof van Nederland,Dordrecht,https://whichmuseum.com/museum/het-hof-van-nederland-dordrecht-1279
84,South Holland,Nationaal Onderwijsmuseum,Dordrecht,https://whichmuseum.com/museum/nationaal-onderwijsmuseum-dordrecht-84
88,South Holland,Van Gijn House,Dordrecht,https://whichmuseum.com/museum/van-gijn-house-dordrecht-88
91,South Holland,Dordrechts Museum,Dordrecht,https://whichmuseum.com/museum/dordrechts-museum-91
579,South Holland,Het Dordts Patriciërshuis,Dordrecht,https://whichmuseum.com/museum/het-dordts-patriciershuis-dordrecht-579
61,South Holland,Gorcums Museum,Gorinchem,https://whichmuseum.com/museum/gorcums-museum-gorinchem-61
106,South Holland,Museum Gouda,Gouda,https://whichmuseum.com/museum/museum-gouda-106
7849,South Holland,Sint Jan Gouda,Gouda,https://whichmuseum.com/museum/sint-jan-gouda-7849
445,South Holland,Museum Paulina Bisdom van Vliet,Haastrecht,https://whichmuseum.com/museum/museum-paulina-bisdom-van-vliet-haastrecht-445
56,South Holland,Museum De Koperen Knop,Hardinxveld-Giessendam,https://whichmuseum.com/museum/museum-de-koperen-knop-hardinxveld-giessendam-56
762,South Holland,Streekmuseum Hoeksche Waard,Heinenoord,https://whichmuseum.com/museum/streekmuseum-hoeksche-waard-heinenoord-762
205,South Holland,Brandweermuseum Hellevoetsluis,Hellevoetsluis,https://whichmuseum.com/museum/brandweermuseum-hellevoetsluis-205
190,South Holland,Westlands Museum,Honselersdijk,https://whichmuseum.com/museum/westlands-museum-honselersdijk-190
119,South Holland,Katwijks Museum,Katwijk,https://whichmuseum.com/museum/katwijks-museum-119
255,South Holland,Streekmuseum Krimpenerwaard,Krimpen aan Den IJssel,https://whichmuseum.com/museum/streekmuseum-krimpenerwaard-krimpen-aan-den-ijssel-255
157,South Holland,Nationaal Glasmuseum,Leerdam,https://whichmuseum.com/museum/nationaal-glasmuseum-leerdam-157
137,South Holland,Japanmuseum SieboldHuis,Leiden,https://whichmuseum.com/museum/japanmuseum-sieboldhuis-leiden-137
149,South Holland,Museum De Lakenhal,Leiden,https://whichmuseum.com/museum/museum-de-lakenhal-leiden-149
176,South Holland,Rijksmuseum Boerhaave,Leiden,https://whichmuseum.com/museum/rijksmuseum-boerhaave-leiden-176
199,South Holland,National Museum of Ethnology,Leiden,https://whichmuseum.com/museum/national-museum-of-ethnology-leiden-199
80,South Holland,National Museum of Antiquities,Leiden,https://whichmuseum.com/museum/national-museum-of-antiquities-leiden-80
86,South Holland,Naturalis Biodiversity Center,Leiden,https://whichmuseum.com/museum/naturalis-biodiversity-center-leiden-86
303,South Holland,Hortus Botanicus Leiden,Leiden,https://whichmuseum.com/museum/hortus-botanicus-leiden-303
313,South Holland,Stedelijk Molenmuseum De Valk,Leiden,https://whichmuseum.com/museum/stedelijk-molenmuseum-de-valk-leiden-313
216,South Holland,Museum De Zwarte Tulp,Lisse,https://whichmuseum.com/museum/museum-de-zwarte-tulp-lisse-216
428,South Holland,Kasteel Keukenhof,Lisse,https://whichmuseum.com/museum/kasteel-keukenhof-lisse-428
26,South Holland,Nationaal Sleepvaart Museum,Maassluis,https://whichmuseum.com/museum/nationaal-sleepvaart-museum-maassluis-26
264,South Holland,Museum Maassluis,Maassluis,https://whichmuseum.com/museum/museum-maassluis-264
48,South Holland,Museum Noordwijk,Noordwijk,https://whichmuseum.com/museum/museum-noordwijk-48
452,South Holland,Space Expo,Noordwijk,https://whichmuseum.com/museum/space-expo-noordwijk-452
466,South Holland,Streekmuseum Veldzicht,Noordwijk,https://whichmuseum.com/museum/streekmuseum-veldzicht-noordwijk-466
486,South Holland,Spinoza House,Rijnsburg,https://whichmuseum.com/museum/spinoza-house-rijnsburg-486
58,South Holland,Museum Rijswijk,Rijswijk,https://whichmuseum.com/museum/museum-rijswijk-58
1298,South Holland,Sonneveld House,Rotterdam,https://whichmuseum.com/museum/sonneveld-house-rotterdam-1298
732,South Holland,Feyenoord Museum,Rotterdam,https://whichmuseum.com/museum/feyenoord-museum-rotterdam-732
113,South Holland,Kunstinstituut Melly,Rotterdam,https://whichmuseum.com/museum/kunstinstituut-melly-rotterdam-113
140,South Holland,Mariniersmuseum,Rotterdam,https://whichmuseum.com/museum/mariniersmuseum-rotterdam-140
142,South Holland,Museum Boijmans Van Beuningen,Rotterdam,https://whichmuseum.com/museum/museum-boijmans-van-beuningen-rotterdam-142
189,South Holland,Chabot Museum,Rotterdam,https://whichmuseum.com/museum/chabot-museum-rotterdam-189
23,South Holland,TENT,Rotterdam,https://whichmuseum.com/museum/tent-rotterdam-23
70,South Holland,Wereldmuseum Rotterdam,Rotterdam,https://whichmuseum.com/museum/wereldmuseum-rotterdam-70
90,South Holland,Maritime Museum Rotterdam,Rotterdam,https://whichmuseum.com/museum/maritime-museum-rotterdam-90
209,South Holland,Museum Rotterdam '40-'45 NU,Rotterdam,https://whichmuseum.com/museum/museum-rotterdam-40-45-nu-209
224,South Holland,Kunsthal Rotterdam,Rotterdam,https://whichmuseum.com/museum/kunsthal-rotterdam-224
265,South Holland,Belasting & Douane Museum,Rotterdam,https://whichmuseum.com/museum/belasting-douane-museum-rotterdam-265
278,South Holland,Museum Rotterdam,Rotterdam,https://whichmuseum.com/museum/museum-rotterdam-278
288,South Holland,Natural History Museum Rotterdam,Rotterdam,https://whichmuseum.com/museum/natural-history-museum-rotterdam-288
545,South Holland,Het Nieuwe Instituut,Rotterdam,https://whichmuseum.com/museum/het-nieuwe-instituut-rotterdam-545
568,South Holland,Garage Rotterdam,Rotterdam,https://whichmuseum.com/museum/garage-rotterdam-568
371,South Holland,Nederlands Fotomuseum,Rotterdam,https://whichmuseum.com/museum/nederlands-fotomuseum-rotterdam-371
472,South Holland,Trompenburg Tuinen & Arboretum,Rotterdam,https://whichmuseum.com/museum/trompenburg-tuinen-arboretum-rotterdam-472
8011,South Holland,Depot Boijmans Van Beuningen,Rotterdam,https://whichmuseum.com/museum/depot-boijmans-van-beuningen-rotterdam-8011
120,South Holland,Muzee Scheveningen,Scheveningen,https://whichmuseum.com/museum/muzee-scheveningen-120
172,South Holland,Sculptures by the sea,Scheveningen,https://whichmuseum.com/museum/sculptures-by-the-sea-scheveningen-172
121,South Holland,Stedelijk Museum Schiedam,Schiedam,https://whichmuseum.com/museum/stedelijk-museum-schiedam-121
123,South Holland,Jenevermuseum,Schiedam,https://whichmuseum.com/museum/jenevermuseum-schiedam-123
424,South Holland,Museummolen De Nieuwe Palmboom,Schiedam,https://whichmuseum.com/museum/museummolen-de-nieuwe-palmboom-schiedam-424
390,South Holland,Dutch Silver Museum,Schoonhoven,https://whichmuseum.com/museum/dutch-silver-museum-schoonhoven-390
250,South Holland,Nationaal Baggermuseum,Sliedrecht,https://whichmuseum.com/museum/nationaal-baggermuseum-sliedrecht-250
1326,South Holland,West Den Haag,The Hague,https://whichmuseum.com/museum/west-den-haag-the-hague-1326
656,South Holland,Humanity House,The Hague,https://whichmuseum.com/museum/humanity-house-the-hague-656
108,South Holland,The Historical Museum of The Hague,The Hague,https://whichmuseum.com/museum/the-historical-museum-of-the-hague-108
117,South Holland,Sound and Vision The Hague,The Hague,https://whichmuseum.com/museum/sound-and-vision-the-hague-117
130,South Holland,Louwman Museum,The Hague,https://whichmuseum.com/museum/louwman-museum-the-hague-130
144,South Holland,KM21,The Hague,https://whichmuseum.com/museum/km21-the-hague-144
9,South Holland,Kinderboekenmuseum,The Hague,https://whichmuseum.com/museum/kinderboekenmuseum-the-hague-9
19,South Holland,Museum Bredius,The Hague,https://whichmuseum.com/museum/museum-bredius-the-hague-19
65,South Holland,Museum Meermanno,The Hague,https://whichmuseum.com/museum/museum-meermanno-the-hague-65
67,South Holland,Museon,The Hague,https://whichmuseum.com/museum/museon-the-hague-67
77,South Holland,Kunstmuseum Den Haag,The Hague,https://whichmuseum.com/museum/kunstmuseum-den-haag-the-hague-77
87,South Holland,Literatuurmuseum,The Hague,https://whichmuseum.com/museum/literatuurmuseum-the-hague-87
215,South Holland,Louis Couperus Museum,The Hague,https://whichmuseum.com/museum/louis-couperus-museum-the-hague-215
242,South Holland,Museum Panorama Mesdag,The Hague,https://whichmuseum.com/museum/museum-panorama-mesdag-the-hague-242
287,South Holland,Prison Gate Museum,The Hague,https://whichmuseum.com/museum/prison-gate-museum-the-hague-287
306,South Holland,Prince William V Gallery,The Hague,https://whichmuseum.com/museum/prince-william-v-gallery-the-hague-306
308,South Holland,The Hague Museum of Photography,The Hague,https://whichmuseum.com/museum/the-hague-museum-of-photography-308
317,South Holland,De Mesdag Collectie,The Hague,https://whichmuseum.com/museum/de-mesdag-collectie-the-hague-317
332,South Holland,National Archive,The Hague,https://whichmuseum.com/museum/national-archive-the-hague-332
339,South Holland,Mauritshuis,The Hague,https://whichmuseum.com/museum/mauritshuis-the-hague-339
7840,South Holland,Vrijmetselarij Museum,The Hague,https://whichmuseum.com/museum/vrijmetselarij-museum-the-hague-7840
7850,South Holland,NEST - ruimte voor kunst,The Hague,https://whichmuseum.com/museum/nest-ruimte-voor-kunst-the-hague-7850
8025,South Holland,Design Museum Dedel,The Hague,https://whichmuseum.com/museum/design-museum-dedel-the-hague-8025
159,South Holland,Swaensteyn Museum,Voorburg,https://whichmuseum.com/museum/swaensteyn-museum-voorburg-159
459,South Holland,Huygensmuseum Hofwijck,Voorburg,https://whichmuseum.com/museum/huygensmuseum-hofwijck-voorburg-459
11,South Holland,Duivenvoorde castle,Voorschoten,https://whichmuseum.com/museum/duivenvoorde-castle-voorschoten-11
433,South Holland,Museum De Voorde,Zoetermeer,https://whichmuseum.com/museum/museum-de-voorde-zoetermeer-433
454,Utrecht,Amerongen Castle,Amerongen,https://whichmuseum.com/museum/amerongen-castle-454
139,Utrecht,Museum Flehite,Amersfoort,https://whichmuseum.com/museum/museum-flehite-amersfoort-139
31,Utrecht,The Mondriaan House,Amersfoort,https://whichmuseum.com/museum/the-mondriaan-house-amersfoort-31
335,Utrecht,Cavaleriemuseum,Amersfoort,https://whichmuseum.com/museum/cavaleriemuseum-amersfoort-335
344,Utrecht,Kunsthal KAdE,Amersfoort,https://whichmuseum.com/museum/kunsthal-kade-amersfoort-344
7889,Utrecht,Musiom,Amersfoort,https://whichmuseum.com/museum/musiom-amersfoort-7889
813,Utrecht,Waterline Museum,Bunnik,https://whichmuseum.com/museum/waterline-museum-bunnik-813
7907,Utrecht,Pop-up Museum Oud Amelisweerd,Bunnik,https://whichmuseum.com/museum/pop-up-museum-oud-amelisweerd-bunnik-7907
345,Utrecht,Museum Spakenburg,Bunschoten-Spakenburg,https://whichmuseum.com/museum/museum-spakenburg-bunschoten-spakenburg-345
359,Utrecht,Huis Doorn,Doorn,https://whichmuseum.com/museum/huis-doorn-359
39,Utrecht,Castle De Haar,Haarzuilens,https://whichmuseum.com/museum/castle-de-haar-haarzuilens-39
325,Utrecht,Museum Ijsselstein,IJsselstein,https://whichmuseum.com/museum/museum-ijsselstein-ijsselstein-325
565,Utrecht,Vechtstreekmuseum,Maarssen,https://whichmuseum.com/museum/vechtstreekmuseum-maarssen-565
271,Utrecht,Slot Zuylen,Oud-Zuilen,https://whichmuseum.com/museum/slot-zuylen-oud-zuilen-271
550,Utrecht,Museum de Heksenwaag,Oudewater,https://whichmuseum.com/museum/museum-de-heksenwaag-oudewater-550
450,Utrecht,Touwmuseum De Baanschuur,Oudewater,https://whichmuseum.com/museum/touwmuseum-de-baanschuur-oudewater-450
7875,Utrecht,Stadsmuseum Rhenen,Rhenen,https://whichmuseum.com/museum/stadsmuseum-rhenen-7875
688,Utrecht,Nationaal Militair Museum,Soest,https://whichmuseum.com/museum/nationaal-militair-museum-soest-688
1254,Utrecht,Rietveld Schröder House,Utrecht,https://whichmuseum.com/museum/rietveld-schroder-house-utrecht-1254
689,Utrecht,Het Spoorwegmuseum,Utrecht,https://whichmuseum.com/museum/het-spoorwegmuseum-utrecht-689
125,Utrecht,Sonnenborgh Observatory,Utrecht,https://whichmuseum.com/museum/sonnenborgh-observatory-utrecht-125
187,Utrecht,Museum Catharijneconvent,Utrecht,https://whichmuseum.com/museum/museum-catharijneconvent-utrecht-187
95,Utrecht,Museum Speelklok,Utrecht,https://whichmuseum.com/museum/museum-speelklok-utrecht-95
234,Utrecht,University Museum Utrecht,Utrecht,https://whichmuseum.com/museum/university-museum-utrecht-234
257,Utrecht,Centraal Museum,Utrecht,https://whichmuseum.com/museum/centraal-museum-utrecht-257
823,Utrecht,Miffy Museum,Utrecht,https://whichmuseum.com/museum/miffy-museum-utrecht-823
309,Utrecht,Botanische Tuinen Utrecht,Utrecht,https://whichmuseum.com/museum/botanische-tuinen-utrecht-309
405,Utrecht,"BAK, Basis voor Actuele Kunst",Utrecht,https://whichmuseum.com/museum/bak-basis-voor-actuele-kunst-utrecht-405
469,Utrecht,Nederlands Volksbuurtmuseum,Utrecht,https://whichmuseum.com/museum/nederlands-volksbuurtmuseum-utrecht-469
385,Utrecht,Museum Veenendaal,Veenendaal,https://whichmuseum.com/museum/museum-veenendaal-385
66,Utrecht,Stedelijk Museum Vianen,Vianen,https://whichmuseum.com/museum/stedelijk-museum-vianen-66
10,Utrecht,Museum Dorestad,Wijk bij Duurstede,https://whichmuseum.com/museum/museum-dorestad-wijk-bij-duurstede-10
185,Utrecht,Stadsmuseum Woerden,Woerden,https://whichmuseum.com/museum/stadsmuseum-woerden-185
302,Zeeland,Gemeentelijk Archeologisch Museum Aardenburg,Aardenburg,https://whichmuseum.com/museum/gemeentelijk-archeologisch-museum-aardenburg-302
381,Zeeland,Streekmuseum het Warenhuis,Axel,https://whichmuseum.com/museum/streekmuseum-het-warenhuis-axel-381
808,Zeeland,Visserijmuseum Breskens,Breskens,https://whichmuseum.com/museum/visserijmuseum-breskens-808
3,Zeeland,Marie Tak van Poortvliet Museum,Domburg,https://whichmuseum.com/museum/marie-tak-van-poortvliet-museum-domburg-3
124,Zeeland,Museum Goemanszorg,Dreischor,https://whichmuseum.com/museum/museum-goemanszorg-dreischor-124
311,Zeeland,Historical Museum De Bevelanden,Goes,https://whichmuseum.com/museum/historical-museum-de-bevelanden-goes-311
273,Zeeland,Museum Het Bolwerk,IJzendijke,https://whichmuseum.com/museum/museum-het-bolwerk-ijzendijke-273
249,Zeeland,Fruitteeltmuseum,Kapelle,https://whichmuseum.com/museum/fruitteeltmuseum-kapelle-249
642,Zeeland,De Vleeshal,Middelburg,https://whichmuseum.com/museum/de-vleeshal-middelburg-642
204,Zeeland,Zeeuws Museum,Middelburg,https://whichmuseum.com/museum/zeeuws-museum-middelburg-204
316,Zeeland,Bevrijdingsmuseum Zeeland,Nieuwdorp,https://whichmuseum.com/museum/bevrijdingsmuseum-zeeland-nieuwdorp-316
105,Zeeland,Terra Maris,Oostkapelle,https://whichmuseum.com/museum/terra-maris-oostkapelle-105
81,Zeeland,Watersnoodmuseum,Ouwerkerk,https://whichmuseum.com/museum/watersnoodmuseum-ouwerkerk-81
794,Zeeland,Industrieel museum Zeeland,Sas van Gent,https://whichmuseum.com/museum/industrieel-museum-zeeland-sas-van-gent-794
45,Zeeland,Streekmuseum De Meestoof,Sint-Annaland,https://whichmuseum.com/museum/streekmuseum-de-meestoof-sint-annaland-45
267,Zeeland,Museum Veere,Veere,https://whichmuseum.com/museum/museum-veere-267
167,Zeeland,MuZEEum,Vlissingen,https://whichmuseum.com/museum/muzeeum-vlissingen-167
329,Zeeland,Stadhuismuseum Zierikzee,Zierikzee,https://whichmuseum.com/museum/stadhuismuseum-zierikzee-329